TIC_ID,RA,DEC,GAIA_ID,GAIA_PHOT,GAIA_X,GAIA_Y,SIMBAD_ID,SIMBAD_OTYPE
50794137,83.40229026075059,-4.20654975132158,3209848692045675520,False,,,V* V724 Ori,OrionV*
283201557,104.077321931804,-5.6340019764697375,3101177184707222528,True,9.375554523207375,2.369232105959746,,
11286067,84.64412640074,-2.73447208337852,3216109002016118784,False,,,2MASS J05383459-0244040,EmLine*
232283749,92.144299057169,5.758957469033801,3318898701967199232,False,,,,
332974488,85.1668912936312,-6.53053480599224,3016239537801576960,False,,,V* V1189 Ori,OrionV*
50620844,82.31393553623671,-3.5143367090208595,3210750532098784768,False,,,ESO-HA  657,YSO
264744356,82.5628590882507,3.40708741629073,3236017274944520704,False,,,ATO J082.5628+03.4070,YSO
319733038,99.65911518186148,1.61352165981505,3126650296443096064,True,6.11417671810691,-0.4766210053779499,HD  47432,PulsV*
11453330,85.4787229957518,-1.6939206297289198,3216653054112520704,True,12.737335287327667,0.6013872085518099,Haro 5-52,YSO
276661881,84.3319634514948,-1.7038956346295,3217366048747588608,False,,,,
4202571,80.76591337935548,-4.67883277620588,3210191430436256256,True,10.413449355939129,1.52459007577597,Kiso A-0975  69,TTauri*
758391274,100.097243205723,1.32981663998182,3125881252486278144,True,9.040026446176247,-0.4113048509989309,,
40800826,78.36054381713791,-70.0821868710647,4652183922258756608,True,13.638896614582556,1.321022003813736,SV* HV 12568,ClassicalCep
427334205,83.5304884470231,-5.22927209528142,3209524233037903360,True,7.433103954577298,3.5773530843025805,V* WX Ori,TTauri*
302762797,82.95289643607158,13.0922490374731,3341104301358474752,True,17.03117948477631,-0.8993193753196902,UCAC4 516-012837,YSO
302762307,82.95923065334398,12.5238567549063,3341000534950374400,False,,,,
319733041,99.63042127324492,1.61406175098197,3126697158825947136,False,,,,
89105934,89.57718561156919,16.713468776138598,3349729519109981184,False,,,,
365643369,81.5406881722637,11.3936807842048,3339313398781967360,True,14.47161184574532,0.0388124497031105,,
11411879,85.41241257077078,-1.99338496362385,3216627387387974656,False,,,Haro 5-59,TTauri*
427373669,83.6565411319073,-5.7196538215738295,3017244388350754816,True,14.556772670158642,-0.154559269276122,V* V1994 Ori,OrionV*
319854134,99.5963015322833,4.624152179080251,3130884378281225728,False,,,V* V732 Mon,LongPeriodV*
387612500,103.267026025904,16.8173992673564,3358169649538400256,False,,,2MASS J06530408+1649025,Star
199953881,85.7127736082866,1.82261286902581,3222971638199964672,True,11.91603386806833,1.3374969720373469,,
427333791,83.5045404648277,-6.04075336557111,3017211128124211200,True,11.61715554161218,0.947035675814035,V* V1416 Ori,TTauri*
302762116,82.9491823385468,12.3022765277791,3340975864658267136,False,,,V* HM Ori,OrionV*
385814322,95.48208654787248,15.4966659557607,3368823294439758848,False,,,,
36344092,102.172646822,-4.94430848843666,3102176507638784000,False,,,2MASS J06484143-0456395,EclBin
72781151,85.7025020993363,-3.41321661472412,3216139169866218496,False,,,CVSO 1928,TTauri*
302762311,82.9547981524809,12.5335944611954,3341000706749064704,False,,,Haro 6-56,OrionV*
437936921,94.3327778409497,15.0597444577481,3344965232145190400,False,,,,
71966612,91.87637112657758,-6.33002131872553,3019964202159325184,True,13.412076806634316,0.3734580152484422,2MASS J06073033-0619481,YSO
264484033,81.41644029344438,1.67252332940106,3222264136827632128,False,,,CVSO 223,TTauri*
319733008,99.67020886009128,1.5985522480659602,3126649987205453824,False,,,,
200639477,85.8467697053006,9.09221599962556,3336149455290092544,False,,,V* V1022 Ori,YSO
307375164,98.7272730411656,15.3293098234061,3356940155020794880,False,,,,
427347964,83.4897593648535,-0.8792967260750078,3217670274168379392,False,,,ATO J083.4897-00.8793,YSO
427380721,83.8341940537947,-2.78990233483277,3216845945389072896,True,9.265712063032012,1.947406648091808,Haro 5-4,OrionV*
220338658,100.326150939231,9.56488265394736,3326696124896221184,True,10.553139215625286,2.048151155566209,EM* LkHA   68,TTauri*
438072897,95.68367408236048,14.3574956611867,3332659124349515776,True,14.72104678632681,-0.3801245599134339,,
235169312,102.372862856882,9.237228558701847,3158277061221341696,False,,,,
712758832,83.97487744987909,-5.07098218682384,3209530383431106560,False,,,,
235295742,103.174457265597,11.2604933030079,3351279181966305280,True,10.069296291588852,2.342925462631587,,
427395859,83.8520356993189,-6.02956002279318,3017184808564584448,False,,,V* NS Ori,OrionV*
427393767,83.857179,-5.172999,0,False,,,,
11296968,84.85602396315298,-1.4113839574007698,3217425426672287232,True,12.62191544063256,-0.0839216385535201,2MASS J05392543-0124409,YSO
59463256,92.1052512706016,16.406961374654202,3349130530085488640,False,,,,
234155819,101.4415988959,2.49522126192488,3126438979755729408,False,,,,
158764834,87.46473419979118,2.6103170182584705,3316161497831006208,False,,,ATO J087.4647+02.6103,YSO
319854118,99.6056864653734,4.62026325430088,3130884378281224704,False,,,GSC 00155-02582,Star
293989812,84.51819829908358,17.0090867061703,3396654240136993792,True,14.790047518936554,0.0562322563420392,,
200478046,82.539715215862,9.915828960833847,3338129984969076224,False,,,,
235166381,102.362450802765,7.964096671996461,3133339652168393728,False,,,,
151354474,91.4771102030321,14.0519551163843,3345158338172389376,False,,,,
234881569,98.02715348637,4.798722901755821,3131324384791280128,False,,,V* V551 Mon,OrionV*
42236450,96.1338326815132,-4.36943573010199,3104519223319069696,False,,,UCAC4 429-015281,YSO_Candidate
264540967,81.65984392455509,2.36959888229592,3223825718216820224,False,,,,
427393770,83.856086,-5.173565,0,False,,,,
151354461,91.4755389662288,14.046512222867,3345158303812652032,False,,,,
427395821,83.7874895060411,-5.9714314247936,3017188381977374208,False,,,Haro 4-346,YSO
427374238,83.6883270802566,-5.179879116947308,3209525263830030336,False,,,V* XZ Ori,OrionV*
712837685,84.9381630602971,-2.08174002987649,3216541419323380736,False,,,,
276661407,84.31108532363491,-1.03070618893773,3217686526324624896,True,14.65697921510876,-0.0225374905039466,2MASS J05371465-0101504,YSO
156625843,90.86064196467268,10.4405427281115,3341821801419757568,False,,,,
415561259,91.726170931753,16.364016428192805,3349051124730724864,False,,,,
436159171,83.9267402761688,10.9433308725419,3339767054703698432,False,,,ATO J083.9267+10.9433,YSO
436100692,83.82298056788579,9.39518847140808,3337888332929166336,False,,,,
124191230,103.867774533498,-6.43130148688171,3100828025349175808,False,,,,
281418231,99.369083022461,2.7277172911926306,3127024061675599872,True,13.54267726219036,-0.0795409110980593,,
427377818,83.7037909687845,-0.6213027781383199,3217774723475860992,False,,,Haro 5-71,OrionV*
756529016,100.807599223487,-2.74794713523224,3106509579884959744,False,,,,
307375186,98.7543989760032,15.3190602771505,3356940051941574656,False,,,,
437936920,94.33626234883172,15.0595110820494,3344965236443376640,False,,,,
302762025,82.8522978384417,12.2030585913018,3340973562555821056,False,,,Haro 6-54,OrionV*
220250426,99.7670282267686,9.2705535426581,3326597070066299904,True,13.77514162925244,0.5730704222591224,ESO-HA  326,TTauri*
229204863,92.3736334237348,8.799896936743599,3328657206961872896,False,,,,
427396763,83.93146812566019,-5.094838983543728,3209529936754510336,True,12.68012172769402,0.4355438523809655,V* AO Ori,OrionV*
263476659,95.70889115134788,7.213993192282999,3324595061252948480,False,,,,
59718340,100.740047207151,15.2415649995743,3357536055963293184,False,,,,
229380716,98.70770158164288,7.0736527485652605,3133737748395716096,False,,,,
127193163,84.9273902117733,12.7792507695771,3341254483479940608,False,,,,
220339722,100.331401866833,10.297417927002,3326945615252122624,False,,,2MASS J06411953+1017507,EllipVar
427334429,83.48250799999998,-4.797142,3209599721380315136,False,,,V* SU Ori,OrionV*
436013701,83.71710053357991,10.9137291448382,3339807216941073920,True,10.52255552270306,1.0407158799154093,TYC  705-19-1,Star
427348883,83.59293111708209,-0.149503273990853,3220809104986613248,False,,,,
36357806,102.113172266538,-2.19427024997972,3106191099469284352,True,12.680408184086,-0.0127326721973597,BD-02  1771B,Star
771874465,106.347966011051,-35.90612709950549,5578429284986894336,False,,,,
89196419,89.73375640500382,13.8272791792844,3343865961037935104,True,11.438440467884304,1.0943108829001758,,
712758831,83.9753638603055,-5.07069137084227,3209530379132223488,True,12.268423618394744,0.214588552327625,,
36005213,101.59639830667,-0.718462014217987,3107384894220241920,True,13.72112154956986,-0.160613424772262,,
156353106,86.73793536911128,8.206985303056848,3335236998077972992,True,11.891949918001108,0.4071935484642369,2MASS J05465710+0812251,YSO
247917561,88.08498902290657,13.290416968223903,3346374879069768192,False,,,,
459991636,81.11181184015038,0.489180145795718,3221839313022714880,True,13.16140011181032,0.2742578837009757,,
207008026,97.382226,9.858684,3327280274809930752,False,,,,
282123660,89.2493303453703,4.91428349486253,3319967221108264960,False,,,,
156426209,87.07350699999998,6.231463,3321284058080324096,False,,,ATO J087.0734+06.2312,YSO
50723872,82.73772426261341,-4.21572562494495,3209883635900020224,False,,,V* V691 Ori,TTauri*
388935265,83.9927155027838,-6.6119819736379,3016927763360145408,False,,,V* OY Ori,OrionV*
11199550,84.5198931281647,-1.2885543540418,3217488820389606912,True,13.374170203230026,0.4293454477940269,Haro 5-80,YSO
247739259,87.13764588464548,14.0146157929352,3346707550053244416,False,,,,
52561694,98.96323480689242,-1.90752688743159,3118786829798400512,True,15.25350403504064,-0.5027445480968108,,
11295385,84.89371199999998,-3.296671,3215836151333543936,False,,,Kiso A-0976 353,YSO
436243101,84.13981981123898,6.94051026906772,3333216851618850816,True,14.029360609133253,-0.1945079171276175,,
30409565,74.5699832486553,-68.5374095284895,4661509464451527680,True,14.63485873565647,-0.6969859421760762,SV* HV  2250,EclBin
427393760,83.857731,-5.171421,0,False,,,,
234155865,101.435238407251,2.4805185032178,3126438807953460736,False,,,,
283304480,104.014094280877,0.0387623838863862,3113301980465162240,False,,,TYC  149-3339-1,Star
53589087,100.367299662371,-5.5141570966025295,3103587073676950528,True,14.437452742825483,-0.18295713843901,,
229282662,97.8901082769818,10.575367493791198,3327895284063003136,True,13.685769430195892,0.4434510927492967,,
52419351,83.9843122514177,12.249917161029696,3340755240779284992,True,13.193072098262869,0.6594873048609691,,
282123655,89.2514738541974,4.910403140240709,3319967182453306880,False,,,,
307464066,98.95444982912193,11.9893420538259,3352166620989512192,True,13.011391150184776,-0.5997053076775476,,
263677832,95.85538957669348,10.2513173690887,3330471886484767232,False,,,,
710320300,83.82451836259251,-5.70968850361451,3017246651795678720,False,,,,
50743115,82.8736704334746,0.0744893727550979,3220969461885885952,False,,,,
436716592,91.91075670309888,11.7486724639095,3342399079383358464,True,11.067912826371796,1.228046064156624,,
220339186,100.32187263203,9.908990729337118,3326740521973590528,True,12.764370031387012,0.8047062509384022,V* IQ Mon,TTauri*
120548140,102.234653642157,-6.06508921191149,3100349291113886208,False,,,V* DY Mon,EclBin
200515351,82.77680531501491,10.0454360763794,3338225775622947840,False,,,TYC  705-782-1,Star
4354619,81.5262549727438,-3.15277430752432,3210957171565181952,False,,,2MASS J05260630-0309098,YSO
710320301,83.82475976978179,-5.709321519388831,3017246656093604864,False,,,,
72880702,86.1411075809268,-1.3601824004347802,3218175877717002240,True,14.006873998758826,0.1787371360896049,2MASS J05443386-0121366,YSO
712974046,81.53967251502819,-2.1643538919880494,3220081640605583872,False,,,,
220216988,99.47383199455568,8.92942399629157,3326549584908028928,False,,,,
282268640,89.53565299999998,3.5587720000000003,3316675004120176128,False,,,Kiso A-0833   4,YSO
235119762,102.203229209063,7.485679944474249,3133215789609125376,False,,,,
119692935,101.01795659013,-6.3792190630913295,3100289711326256128,True,10.672682526733084,0.6461877464765489,TYC 4811-1629-1,Star
436013289,83.5163807973619,9.87006972235872,3337996046412945920,False,,,2MASS J05340393+0952122,YSO
389328984,85.77488455173018,-69.4906677467655,4657620251311698944,True,13.036580477391697,1.2452323340125222,OGLE LMC-CEP-3024,ClassicalCep
336885697,92.3033101474535,13.406201713290804,3344271650764494848,False,,,,
42465426,96.4712230987632,-2.84596536234618,3117338154509316608,False,,,,
250525567,94.46804448212092,-3.80128870598074,3020770384701714944,True,11.509360554005726,0.8109388273033998,,
140338339,89.94432786321148,8.41427545615138,3323423020516740096,True,13.247545158834347,0.3842279193790552,,
220338825,100.415601197144,9.674431588575311,3326698736235918336,False,,,V* OY Mon,TTauri*
251231964,95.5211239646438,-0.580852240146428,3118685090612653568,False,,,,
319733076,99.6358432313569,1.62877383698186,3126697197485971456,False,,,,
250569745,94.654025805995,-3.14814085982588,3117654745137604608,False,,,,
713485928,89.53568710705271,3.55862488085919,3316675008417170432,False,,,,
500312120,84.9282217868121,-2.9816128538691906,3216040003366436864,False,,,,
11289907,84.75977162803879,-1.34115859790268,3217473697810165760,False,,,,
220312309,100.095392855101,8.5978818198793,3134327155346200064,False,,,RX J0640.3+0835,RotV*
11286063,84.65288732829582,-2.73714723036006,3216108933296640512,True,14.427651137369963,0.0331340270456004,[BNM2013] 93.03    22,Low-Mass*
427397892,83.95988003123338,-3.63114819184515,3215906726237066240,False,,,HD 294252,Star
59281643,89.1724479247694,12.7465807990092,3343645994290061824,True,13.576076727885162,0.1786810243511525,,
427380747,83.8404770410793,-2.8316466977654886,3216839696212988416,False,,,Haro 5-3,YSO
282122347,89.21058842568529,3.770415624449511,3316731461467751936,False,,,UCAC4 469-013909,YSO
11289876,84.83458694416211,-1.30704665496509,3217474148781281792,True,14.331719524448488,0.1243310592072794,CVSO 1870,TTauri*
156244483,86.462487069624,10.0411135429317,3336319192397512192,False,,,V* V634 Ori,OrionV*
284158141,82.65062822273971,10.515061916744902,3338281610197395456,True,9.83136024394874,1.843226057986151,[DM99] 122,YSO
427396770,83.96927971648721,-5.08489595570613,3209530280351891968,True,9.568992416055378,1.0246387720328174,V* V815 Ori,OrionV*
220281998,99.8933409186433,9.914191669100418,3326908231857269248,False,,,V* QT Mon,SB*
50793534,83.38767877505698,-5.1987439514059295,3209443384571589632,True,14.207831173209392,0.1175441309111192,V* RZ Ori,OrionV*
715740353,87.433617084828,8.172935097729301,3335037264918024192,False,,,,
427352574,83.6059339388802,-4.94860409367216,3209549654948689408,False,,,V* IQ Ori,TTauri*
293846844,95.6527855382474,2.76180035382442,3124962438715304960,False,,,,
50623197,82.3473477026583,-4.515658303884409,3209778215925451776,False,,,Parenago   142,YSO
265451846,94.52950456042755,1.4078588581938505,3123632377540162560,False,,,,
231183981,100.875086055078,7.18962121670391,3133575948388322816,True,14.730828302453055,0.0063306457610554,,
427352571,83.607851222178,-4.940954145138259,3209550037201360896,False,,,V* IP Ori,TTauri*
176470161,86.9303201214939,-0.479663514124167,3218343308426289152,True,16.186543095976113,-2.323799834932413,,
427374471,83.7654681502659,-4.8480702365359285,3209575600846656000,False,,,V* BY Ori,OrionV*
388850913,83.6506046719375,-6.09297211177024,3017163539886560768,True,11.933133249551032,1.1020635049038618,V* XX Ori,TTauri*
712879002,84.3755032058638,-0.8147431421861678,3217709233817997824,False,,,,
53316795,100.026647745285,-0.26506093640999,3119426848644159488,False,,,,
302762301,82.93084073068479,12.5061083441328,3340999023121894912,False,,,Haro 6-55,OrionV*
281913279,88.5837091486797,1.71571254003719,3315809486607380992,True,11.219432826627305,0.5869816452537729,EM* LkHA  336,TTauri*
200640498,85.9253336493957,10.0390651597853,3336492915234886656,False,,,[DM99] 234,YSO
436013946,83.54650431638441,11.5519256683761,3340691297306740736,False,,,,
436013558,83.5350212479313,10.7680380759791,3339781588873170944,True,14.34914813265272,-0.3601538196355827,2MASS J05340840+1046050,YSO
220312333,100.095779222337,8.61095265975007,3326480796712136192,False,,,,
176469663,86.80872245781264,0.0043521727128689,3219144306943362560,False,,,EM* LkHA  312,YSO
59765846,100.913631909183,16.0149466554557,3357879103591286272,False,,,TYC 1330-1421-1,Star
307812684,99.28808983366,16.2551882618512,3358648688712356352,False,,,TYC 1329-305-1,Star
279984610,100.633305394064,-3.027734939862,3105746621893293056,False,,,,
427396648,83.9118479561138,-5.21165506691555,3017373718415827456,False,,,V* V426 Ori,OrionV*
159086665,88.5312068556792,4.60714793209908,3319852459581556736,False,,,2MASS J05540748+0436258,YSO
436248202,84.1229695875486,9.067409477396463,3334861995892958720,True,11.30424962764766,0.5313197874556367,UCAC4 496-013474,YSO
50620609,82.2757090179571,-3.08327578578346,3210783311289832448,False,,,ATO J082.2757-03.0832,YSO
284283995,85.96112141256359,9.20693126212706,3336156292877976064,True,13.766273690946242,0.4548274237670957,2MASS J05435067+0912250,YSO
282103859,102.945748492575,-2.45110789212579,3106014078097730560,True,13.960344532384934,0.1136488861832916,,
461701000,92.04370407471988,6.759631222955298,3322114601679728640,True,13.65737408481932,0.1314082697683987,,
97717180,90.313652251806,13.8161336471509,3343825386483400192,True,11.27328359229738,1.201154898468755,,
308167746,99.6749771339204,13.7070772271246,3355776901779440640,True,10.37933112331431,-2.208575575017648,HD 261168,Star
220281682,99.9227777846676,9.77211989759648,3326897438603701248,False,,,V* KV Mon,OrionV*
144667034,84.7883985709887,9.42502315835106,3336396604887956480,False,,,V* V506 Ori,YSO
427451232,84.06424583212748,-1.26579666590798,3217583206591543808,False,,,,
714586408,95.5336227789716,9.33580706926156,3325894997535981056,False,,,,
96659480,104.743302688271,-31.2615243394375,5607229755127318528,False,,,,
158733845,87.00446294669202,0.5751624828056611,3219592083052832768,False,,,EM* LkHA  320,TTauri*
102210192,89.01138163352459,7.711884990491629,3322995413573024256,True,15.88758048734127,-1.882525471662433,,
302671939,82.49023190526381,12.201946508324196,3340894088480934400,True,5.307287099931186,3.915664270000596,[DM99] 107,YSO
11197417,84.375162,-0.814463,3217709238111628800,True,14.016016635187295,-0.6262245245741476,CVSO 155,TTauri*
282351396,89.69706878926321,3.823819036976,3316688816735017984,False,,,,
235448565,104.025464020859,6.584011469818949,3129943127608893952,False,,,,
11291239,84.7462941515615,-2.78706868908267,3216060756648101888,False,,,Mayrit 707162,YSO
229206674,92.28240349637468,9.68732438363808,3329487857936088576,False,,,,
265898477,95.0392817091356,4.646459383746169,3317634435394640384,True,13.27159246116409,-0.2243672930447171,,
276662442,84.31404820393139,-2.51483921707106,3216129720938166272,True,11.067963464222592,1.04949680438567,2MASS J05371537-0230534,YSO
438309439,96.8418731703018,16.2352425929059,3369335121400197120,False,,,2MASS J06272204+1614069,Star
140444115,90.24924914773548,6.667885248693299,3321892981365718016,True,14.434970668886852,0.1405286608574809,,
229179236,91.30324986033548,10.2758884330458,3329794724760152576,False,,,,
438536371,101.085991167199,12.3339749048215,3352388211242819072,False,,,,
302671940,82.49309470130558,12.201316349883196,3340894019761457152,False,,,,
427374014,83.67027062826129,-5.37841867922744,3209518421946387968,True,10.02769824239375,1.214426900690072,V* IX Ori,OrionV*
72831107,85.8164780508838,-5.4943117352794815,3023074407020423168,True,11.832860594863288,0.7238830448534715,,
50625269,82.4117053867625,-1.32169009815562,3220244059089305088,True,13.119063933127936,0.6694120959626413,CVSO 1189,TTauri*
4289830,81.2310303447083,-2.88844295847396,3211024344853765120,False,,,CVSO 734,TTauri*
264461838,81.27357263381509,1.35278280580827,3222109174407199744,True,12.376907153040657,0.3898909509447013,CVSO 744,TTauri*
156187576,86.22004846831459,9.21812113451341,3336204155993987072,False,,,[DM99] 258,YSO
388935443,84.0277314855376,-6.2405466316059695,3017165670190319104,True,11.2749090987355,0.8956362894253026,V* AX Ori,OrionV*
91691714,88.67518104116438,12.4061064966591,3343246145715425280,False,,,,
168062541,101.374956498849,-1.01768521650041,3107346269572730880,True,12.525310891386196,1.1000335341610372,CoRoT 102782335,gammaDorV*
220338425,100.316638819538,9.435984496266528,3326685443313414144,False,,,V* V585 Mon,TTauri*
436008971,83.73650266784341,10.9141500029008,3339808625690892800,False,,,,
387612734,103.265449857633,16.6760627176795,3358158753203090432,False,,,,
427399795,83.97292580347661,-1.38457538099172,3217580217295012352,False,,,Kiso A-0904  41,SB*
388935444,84.028159,-6.239669999999999,3017165670190318592,True,14.22148834450256,0.0982923158349108,ESO-HA 1435,EmLine*
319733086,99.6632455773562,1.63150679836099,3126650399522305024,False,,,,
220314092,100.128567204074,9.57794008446134,3326703001139724288,True,10.521246070262132,1.9663491214401605,V* NT Mon,TTauri*
234155801,101.440736461981,2.50063817766024,3126438984051705344,False,,,,
759307632,101.833902540907,8.104230170647071,3134104469884047360,False,,,,
427395444,83.7868835816145,-5.5303366821244895,3017265279072422912,False,,,V* LM Ori,OrionV*
762940089,103.27516920943,16.8049059699261,3358168893624157696,False,,,,
385821437,95.3863545768518,13.0010669306483,3332231689202623488,True,12.776490276769648,0.3520546870546048,,
220323126,100.188182511291,9.479000585483732,3326689291604121088,False,,,EM* LkHA  364,TTauri*
11286372,84.6981069483477,-2.4533421318527795,3216492869013138944,True,14.125225647291318,0.0530674984130996,2MASS J05384755-0227120,YSO
72914762,86.37615254185249,-0.7409750812679151,3218241092500389888,False,,,EM* LkHA  294,YSO
50749771,83.10705001318651,-1.95312781153622,3217147490749190144,False,,,Kiso A-0903 229,TTauri*
11202039,84.5162275339716,-4.27857185621306,3215624048669349888,True,13.295603977107486,0.3915981932823827,V* V1143 Ori,OrionV*
220216974,99.4700613315538,8.93287109810463,3326550169023581184,False,,,,
80510785,87.36946878501698,6.052963371127699,3321077968370920448,False,,,,
427395742,83.8084982471113,-5.86918150596664,3017191646152505344,True,12.271229533176168,0.4552208502071349,V* BZ Ori,OrionV*
11296047,84.9493152536233,-2.5402628589016203,3216446547790307840,True,9.469307214833613,1.6110440994209585,2MASS J05394784-0232248,YSO
72880704,86.14223774989229,-1.3672224580111203,3218175877717002240,True,8.927203070337384,0.8770904807249975,2MASS J05443413-0122020,YSO_Candidate
715740354,87.43320539423142,8.17264381146796,3335037264918024192,False,,,,
427396528,83.96155470349571,-5.274777917932768,3017372309666555904,False,,,V* OT Ori,TTauri*
36357784,102.116425054972,-2.19702918880607,3106191026450800128,True,9.410529015173331,-0.0727988202168356,HD  49479,alf2CVnV*
457251847,81.89099436845699,4.6473395898615095,3236756318557385728,False,,,,
24825229,97.2414253853195,-6.284867162086001,3007255870670739456,True,12.25911444829132,0.7573778391493008,,
427373840,83.66608598356399,-5.501856525223861,3017268921203932160,False,,,V* IW Ori A,YSO
281897562,102.718445558139,-1.44100531866526,3106337884272494592,False,,,,
158823275,87.51560087942819,2.43190617495287,3316153839905200128,False,,,,
153687976,93.6731460026869,10.8039313359079,3330047612433644032,False,,,,
158694607,86.88981899999996,0.628544,3219596343661358080,False,,,2MASS J05473355+0037427,Star
138859399,82.8670275291253,2.05544800436676,3223577091150411776,False,,,2MASS J05312808+0203196,Star
59463266,92.10835953921,16.4026807641145,3349130530085488640,True,8.217250886703159,1.408952115215173,,
156356448,86.82304035022209,6.87409218506218,3333379128368449024,False,,,,
256877764,91.1258489050106,2.5193538437560896,3315558007683691520,False,,,,
235231096,102.797366278949,7.89154002164413,3133300074048040960,False,,,,
11298936,85.02830123737861,-0.643922569364011,3217539878960674816,True,12.251313801300904,0.5155469304040614,Haro 5-90,YSO
50787863,83.13612905408691,-1.22944727858765,3217630378215871488,False,,,Haro 5-66,TTauri*
264541453,81.7307281820122,1.67288889218227,3222237885987656192,True,13.33843187883074,0.4881949003031288,Kiso A-0903 134,YSO
159089186,88.509804,1.675125,0,False,,,,
52484844,98.7247549079138,-2.99172506499174,3105147005801625600,False,,,TYC 4802-525-1,EmLine*
52405348,98.793462828365,-0.379341772137055,3119233643834198016,False,,,,
242132789,93.6122835905752,-4.1367945482760895,3020742931271474688,False,,,,
176405346,86.633033,-3.602434,3023943437820176384,False,,,,
11295947,84.8550123887177,-2.63946103129501,3216439847641330688,False,,,V* BG Ori,TTauri*
11453668,85.46061311312668,-2.04918699369644,3216625836904483840,False,,,2MASS J05415053-0202570,YSO
301594500,101.757138398584,0.374990059688389,3113525799800744448,False,,,SS  62,EmLine*
427450842,84.0494044943266,-0.8625248355294781,3217751706748322304,False,,,,
201368803,83.19472540501691,-5.96721729496104,3017221951441648640,False,,,V* V1168 Ori,TTauri*
427454815,84.0925109457216,-6.04112887618801,3017172851375602176,False,,,V* PP Ori,OrionV*
282900071,103.696718,-3.823979,0,False,,,,
349924407,108.94928736612,-48.5316745971388,5505636426907695104,False,,,,
712879003,84.3750788559885,-0.814399449668553,3217709238111628800,True,14.016016635187295,-0.6262245245741476,,
235344920,103.53308548892,11.405234156759,3159224526705824256,False,,,TYC  756-1076-1,Star
159060469,88.42046683391659,1.63722413341814,3315801583867579392,True,9.156783934395444,1.7194654878357192,EM* LkHA  334,TTauri*
250445709,94.0205264481038,-1.04621004006608,3121199742423422976,True,13.881271015098264,0.4077127690739095,,
427396781,83.975235,-5.070768,3209530379132223488,True,12.268423618394744,0.214588552327625,V* AR Ori,OrionV*
156705180,91.1485283003639,10.2818717826985,3329807197344795136,False,,,,
282029457,102.848623140011,-2.258358192856289,3106032284461260800,True,15.330305247769209,-1.3047032023503382,,
36357875,102.121250417603,-2.18623418633813,3106191202548487168,False,,,,
234930337,98.34197161267728,6.0471900285472096,3132020414312071168,False,,,2MASS J06332207+0602499,RGB*
427352659,83.57029499008499,-5.0724966695615095,3209539557481190400,False,,,V* BU Ori,OrionV*
144703740,84.97939805605009,9.24874271751426,3336343003696391168,True,15.34034752521406,-0.5928670519474845,,
302671915,82.50851966156118,12.2266264418574,3340894500797788160,False,,,V* GX Ori,OrionV*
232089174,90.56706088863288,4.97242297213182,3318432199797363200,False,,,,
4292715,81.36431982026659,-4.0435010572445895,3210603227603880960,False,,,,
443259619,96.2940480591843,-6.065930458069849,3008016462137122816,True,14.315644961587967,-0.3773799630225408,,
276661855,84.310518003528,-1.6677245720986598,3217369179781084160,True,7.904055326209779,-0.2581507050955988,HD  37272,Star
427352403,83.59578790670109,-4.69425414762622,3209628411764704256,True,12.268655130554688,0.6297152396740654,V* V547 Ori,TTauri*
427506789,94.4801833924823,11.4596357806465,3331594861513025024,False,,,,
156143888,86.07230453759338,9.183036748297088,3336109288756140544,False,,,V* V630 Ori,OrionV*
308388395,99.7442771366131,12.2356946424151,3352232767787837952,False,,,,
37087255,98.07517511423248,-4.52805086670754,3104316672661679104,True,13.40738901857349,0.0193209855612579,,
220323041,100.240699662347,9.513996687543088,3326689630905624064,False,,,NGC  2264   130,TTauri*
207006019,97.39779246500868,8.990003917900339,3327084050640380928,True,15.17935973286474,-0.2958133395970104,,
436248206,84.1901073301386,9.07218381446262,3334861824094248960,False,,,V* V572 Ori,OrionV*
234089892,101.224227584573,0.6201659324143921,3125603973689913856,False,,,HD 292167,Star
4357786,81.7229981348498,-1.15064880381187,3220309411311403520,True,9.047934850682624,2.336622442080817,Kiso A-0903 135,YSO
50792738,83.2371064301087,-5.21324289502772,3209445343076698624,False,,,V* V1103 Ori,OrionV*
281410554,99.22226196825008,0.8030071104434539,3120576662929339392,False,,,,
280214179,100.863007234194,-2.50028624872034,3106540709807727104,False,,,,
151176970,91.0679934428405,12.7792671377688,3342756420661827072,False,,,,
200051880,86.5494561415278,0.5405103827629529,3219228106049668096,False,,,2MASS J05461186+0032259,YSO
436013947,83.54983877281191,11.5546497432874,3340691297306740224,False,,,UCAC4 508-013033,YSO_Candidate
11296279,84.9207317553798,-2.27343650988592,3216502180502327808,True,14.601042447273285,0.0965291351116938,2MASS J05394097-0216243,TTauri*
319733001,99.6568212967188,1.59562311138216,3126650193363889152,False,,,,
247917563,88.0863307603883,13.2909981309897,3346374879069766656,False,,,,
264682939,82.29929689216709,3.0315258475303306,3235977245849281024,True,10.703114251155354,1.313720284160922,ATO J082.2993+03.0314,Variable*
200094243,86.8219857129188,0.6392617071088901,3219607854173579776,False,,,EM* LkHA  315,TTauri*
220338441,100.299391759224,9.442069972849712,3326685473377778688,False,,,EM* LkHA   59,TTauri*
427454338,84.0622130740695,-5.25938424888746,3017371072715966976,False,,,V* V828 Ori,OrionV*
39165705,88.40823399999998,-5.279889,0,False,,,,
200478962,82.5311340862386,11.0339410740169,3339066528357334016,False,,,,
72046171,91.95872793351931,-6.24552864943525,3019969351824267776,True,9.496499163564318,2.0439919973661365,IRAS 06053-0614,Star
220250425,99.7647949246092,9.271102747567268,3326597070066300416,False,,,2MASS J06390355+0916159,TTauri*
712817531,84.8939754188301,-3.29636057794451,3215836151333543424,False,,,,
52419344,83.9891700788581,12.2467106491697,3340755236482869760,False,,,,
158699966,87.0434772062236,5.8963513586542895,3321168093964435968,False,,,UCAC4 480-013717,YSO
263331756,95.5337338517102,9.3363826638686,3325894997535980544,False,,,,
11199349,84.4960169127369,-1.09799296247327,3217495859839297024,False,,,V* V993 Ori,OrionV*
438153449,96.02498079003708,15.6854994528974,3368917925456599040,True,13.79587221310527,-0.3814880242215441,,
43246582,97.5872404131054,-3.3057942697676403,3105076984952646656,True,14.788016267049182,-0.4703279644676313,,
158822738,87.5499876687993,2.93846602268596,3319196390441098240,False,,,CVSO 1964,TTauri*
427393284,83.84519734144521,-4.77819998950553,3209576322401123840,True,14.606579672200024,0.0430868350182273,V* V2397 Ori,OrionV*
434375779,93.7223113063884,13.393041398475402,3344130805900031488,True,13.204967927919414,0.0002641280855854,,
427353148,83.5561051220924,-5.9282670554093,3017213670744670208,False,,,V* V742 Ori,TTauri*
231147439,100.432601033331,9.68056164815121,3326698568733399040,True,11.63040690299174,1.107091149867075,V* OZ Mon,TTauri*
42437208,96.39760609078968,-3.60206110149015,3116689335271631872,False,,,,
220313911,100.096183354142,9.461775644977706,3326688501329766400,False,,,V* KX Mon,TTauri*
234887870,98.129220519188,4.8349682599705295,3131330505124160512,False,,,NGC  2244   269,OrionV*
332861349,84.59947510732991,-7.127463016098808,3016099521866628096,False,,,V* V884 Ori,OrionV*
436153976,83.9827357603427,9.93936464775875,3339490591953049600,False,,,[DM99]  48,YSO
427504845,94.5001841774778,10.5864634879282,3330765245632921600,True,16.685454981008593,-1.891585018465925,,
53488255,100.223252500397,-0.538449060514075,3119367883033949696,False,,,TYC 4799-1227-1,Star
280214809,100.815648938777,-2.7586407797764494,3105758957038859776,False,,,,
715990835,83.85060589914382,9.30893871913002,3337886443143570944,False,,,,
265454726,94.61847709263228,0.204312458830936,3121802167420689408,False,,,,
427455366,84.16053673480138,-5.21093963654526,3017370969636744192,False,,,2MASS J05363853-0512393,Star
712837683,84.9380201908735,-2.08135524683002,3216541415032756224,False,,,,
427455449,84.2383630081546,-5.10137145097878,3017397529714489856,True,4.363334526073822,4.352150796219495,V* V2718 Ori,OrionV*
323346170,84.3750855796376,4.45859726249715,3224550811775563776,False,,,,
461677889,92.07345211479408,11.6241177180231,3342382346191096832,False,,,,
168191785,101.579884570308,-3.676594372806071,3105450131710907392,True,14.762378160357583,-1.4869663752844002,,
37484749,98.71872481936708,-4.68098308458064,3103925864997133312,False,,,HD  46737,Star
11361711,85.1006309993497,-0.522611107125723,3219230167633274880,True,13.023455902691763,0.2892452787200841,Haro 5-91,TTauri*
200478050,82.5384964728018,9.91737216158647,3338129980672284160,False,,,,
200048824,86.51183834901518,3.03304822562509,3319434645163049984,False,,,,
52209961,83.5172656852433,12.4063891176938,3340816401113645568,False,,,Haro 6-71,YSO
250484758,94.2507723311876,-3.00129906927312,3117675189181616640,True,12.873713383135708,0.1408775873682612,,
202013719,101.372568953753,7.431195337806151,3133952771638792704,False,,,TYC  160-109-1,Star
336994125,92.4556013444952,16.8389040762284,3349172105368761856,False,,,,
427396687,83.94217380131131,-5.18105553548231,3017374233811898880,True,8.615807060191187,2.666728716633439,V* V808 Ori,TTauri*
427455369,84.1668880513462,-5.20644006744384,3017370969636743168,False,,,V* V1243 Ori,OrionV*
237654789,103.641373899491,1.24635067803807,3114014532719426048,False,,,,
52584838,84.20386715291701,12.393028222351502,3341132678207876096,False,,,ASAS J053649+1223.5,PulsV*
39220408,88.6246742179422,-5.98102757870067,3019475842902440960,True,9.635445731039932,1.3501328868706812,2MASS J05542992-0558516,YSO_Candidate
427352765,83.62114616146918,-5.237366105461248,3209523477123652096,True,13.154051319570891,0.0264142958367212,V* V1431 Ori,TTauri*
200588584,83.25871120087409,11.6198572605235,3340612888382794752,False,,,Haro 6-70,OrionV*
427393765,83.85562899999998,-5.172529,0,False,,,2MASS J05352535-0510211,Star
427374287,83.6874202211563,-5.11376098461934,3209526874441202176,False,,,V* V2019 Ori,OrionV*
427397026,83.89038972362358,-4.77328646981659,3209574913651840512,False,,,V* V2528 Ori,TTauri*
301179326,100.097116867204,1.32962922969203,3125881256777145856,False,,,HD  47778,**
427374242,83.69430082029909,-5.1779150719666776,3209525263830028800,False,,,Parenago  1594,SB*
11286045,84.6135671142241,-2.7526969856674,3216107490187638784,False,,,V* V505 Ori,OrionV*
140344921,89.9532194005496,8.184042551548703,3323227135647078912,False,,,TYC  716-1584-1,Star
436529722,91.8702820650734,10.6131302907964,3330203158970340864,True,11.68675444375372,1.3436685578931915,,
237754210,104.2542120779,2.74435419544894,3127765781048335872,True,13.334792973053286,0.8337558893916195,,
436103156,83.82386603786891,9.39573326927616,3337888328631664128,True,10.768797968631125,1.3512899742594326,[DM99]  31,YSO
365641397,81.3954866718873,10.5120930855728,3338985920410926592,False,,,,
229376217,98.5706362797824,6.906612743700711,3132232620056463872,True,10.26634096469136,1.1398049479364265,TYC  158-2237-1,Star
280970371,84.68750664209587,2.86958109243219,3224056512580067840,True,13.901832092277722,0.0339230054190312,,
427506785,94.4845119757136,11.4577597691781,3331594865812221952,True,15.017937282692609,-0.1604441763763713,,
302931780,94.7752743402956,6.87084304162295,3324944332293407744,False,,,,
11360678,85.10254548035638,-1.8752756895078897,3216553926268116992,True,13.424145938700168,0.2541850003057764,Kiso A-0904 106,TTauri*
237418998,102.377232587327,2.3098424388695906,3126385073622536192,True,12.25562462632394,0.4958648310574259,TYC  152-21-1,Star
59725369,100.851486104517,17.0121569235358,3358762836062070784,False,,,,
365643370,81.5395194367198,11.393281202899802,3339313403076972544,True,11.473648116515005,0.555881719472214,Haro 6-42,OrionV*
438115950,95.9104580372317,15.7654270740988,3368925312800354304,True,12.699370266418857,0.2052523676676453,,
200051715,86.5527969198391,0.186953341854402,3219198286092241408,True,11.57768693422494,0.7060973796576532,,
280214167,100.859041370146,-2.4971859410428494,3106540705506428416,True,3.784933795820556,3.645970803324437,V* V502 Mon,EclBin
11199458,84.5399200954621,-1.1872945240863,3217492801822588928,False,,,,
284200887,84.4282962944216,8.92010967392844,3334808532140251136,False,,,ATO J084.4282+08.9201,YSO
427399794,83.97597401942451,-1.38491154790903,3217577258060424192,False,,,Kiso A-0904  42,YSO
283199884,103.984561273136,-5.62925633346887,3101172443063327232,True,12.15223196263227,0.1805898907438279,TYC 4813-460-1,Star
207045924,97.8295071644494,9.71210958185552,3327282924805729792,False,,,,
50793630,83.3995387366688,-5.025688713319309,3209542546779303936,False,,,V* VY Ori,OrionV*
319733079,99.64747467293688,1.6289921448885198,3126697300565181952,False,,,,
200515773,82.8296798103731,10.5773164988201,3338283091962882560,True,13.650871876295042,0.0169331143332388,[DM99] 141,YSO
282304703,103.078055898855,-0.7860860468879501,3113150939356516352,False,,,,
427454915,84.2041980182024,-5.946975472490848,3017180960273832448,False,,,V* V1136 Ori,OrionV*
36002654,101.638164544975,-1.68157706505376,3106984186649564160,True,12.885926970943016,-0.8352448299238294,UCAC4 442-021397,Star
232158923,90.9650349255094,5.959819364727403,3321600923589523456,False,,,HD  41204,Star
159061033,88.38746891263979,2.2889360609390894,3316101819261702144,False,,,Kiso A-0905   2,YSO
281156681,98.92552734256608,2.14963470573352,3126930912425121280,True,10.13710019521925,0.7631677213335754,OGLE GD-CEP-48,ClassicalCep
11289909,84.76072320336158,-1.34234598705486,3217473702105162752,False,,,Kiso A-0904  76,TTauri*
176448078,86.581120487834,-0.088896096140101,3219119254397786112,True,9.914501183517483,1.2316874049201592,EM* LkHA  301,TTauri*
220322570,100.274056722471,9.804873926663328,3326713098607080960,False,,,V* LX Mon,TTauri*
269117664,80.9621178714697,1.01140576988987,3222072851868428288,True,14.8687955410072,-0.0322066944433671,,
4256657,81.23357138715791,-0.4204817014002911,3220599441863236096,False,,,,
37169559,98.36108596710407,-0.0750455022542762,3119304940291184128,True,11.229881763657298,-1.4327483569404376,V* V905 Mon,LongPeriodV*_Candidate
80597593,87.43338199999998,8.172796,3335037264918024192,False,,,,
36357852,102.118454265536,-2.18895692524542,3106191202549232640,False,,,,
34397579,82.2976651198703,-6.13483445096234,3208985468042433024,True,8.584428144805306,1.451438993016225,V* V1650 Ori,OrionV*
247635340,86.6074892628603,14.433286278016,3347498511233195520,False,,,TYC  727-1461-1,Star
388935312,84.0211822701025,-6.49228092171559,3016947206676164096,True,9.070769711532776,2.31844137112481,V* AW Ori,OrionV*
427334210,83.53106939736159,-5.2268186042488205,3209524233037902848,False,,,2MASS J05340745-0513365,YSO
336994117,92.44736605942468,16.8345692094965,3349172105368764416,False,,,,
24775707,81.7029516547121,-6.639735573924153,3208869061545297920,False,,,CRTS J052648.6-063823,RSCVnV*
207051957,97.7471293324415,7.0350082759432695,3324390247152843776,True,14.378872603531327,0.052890980770937,,
220323039,100.245268652318,9.51595871153029,3326689738279228928,False,,,V* IO Mon,TTauri*
220248582,99.6831530912048,10.0997872600327,3326973098749988864,False,,,2MASS J06384398+1005594,OrionV*
220314553,100.162985524798,9.849619646534,3326717294790476800,False,,,V* LM Mon,TTauri*
231162333,100.63758839616,9.157437735739869,3326615899202955776,False,,,,
716217759,84.92729758605637,12.7787135408567,3341254487775943168,False,,,,
39537014,89.50382786264571,-1.4168596653707,3026153731070134272,False,,,,
220280358,99.8543546764554,9.119367011260993,3326578923828575232,False,,,,
427395634,83.8093500255445,-5.7215689161595495,3017246243776748544,False,,,V* AB Ori,OrionV*
200478044,82.5335090473699,9.91385776954752,3338129984968614400,False,,,,
282123541,89.2022262899033,4.82660188026372,3319940042555252224,False,,,HD 249585,Star
220339136,100.303430538038,9.87873139820467,3326740006577518592,True,12.761889669755195,0.8621940166422686,V* V820 Mon,TTauri*
301380096,100.21377526126,0.139159691022065,3119546764131968000,False,,,HD  47892,Star
229179266,91.29926796618348,10.2940514008644,3329818261180928000,False,,,,
264541604,81.7190602665395,1.44300930338018,3222195520430270976,True,12.368323743029416,0.5803635592135383,,
385983895,95.61471581631773,17.221707096336,3370389926708524032,False,,,,
199898448,85.49918663936957,0.5908399492476221,3219454845962436096,False,,,2MASS J05415980+0035270,YSO
37404515,98.6626874432297,-5.87611066926499,3103216508198564352,False,,,,
50530445,81.8965711704089,-0.756559446568685,3220536215649217024,True,7.198730754453232,3.3290113028427584,Kiso A-0903 142,TTauri*
200117012,86.8669685612438,2.55240836679891,3223094577343864320,False,,,,
157403303,106.34913600000002,-35.904057,0,False,,,,
437984891,94.551103174258,16.2944700232438,3369862165425196032,False,,,,
372490225,101.525387214904,12.4242076216817,3352406593702610944,False,,,,
336984901,92.461220011017,12.8848632623861,3344027834057689088,False,,,,
220338456,100.379667254429,9.44952316106126,3326644245987098624,True,10.189053230087824,1.869054030546236,V* MO Mon,TTauri*
237501416,102.77958556545,4.67309984051624,3129011802602916864,False,,,,
427374436,83.67411231300541,-4.89616897840367,3209551514670085120,False,,,V* V1694 Ori,TTauri*
176448050,86.59347256536941,-0.1479532162712289,3219118090462918144,True,11.165245215539787,0.9798955526627172,EM* LkHA  302,TTauri*
281156688,98.932679748583,2.152465764103209,3126930843705641984,False,,,,
4256658,81.22770800485638,-0.4213106752160089,3220599441863236608,False,,,UCAC4 448-010074,YSO
155310782,102.962274805557,13.9170670292937,3354118498946746368,False,,,,
229179244,91.29991345752488,10.2806073549127,3329794793479628288,True,10.933142808112324,1.3989874811468084,TYC  721-184-1,Star
202273466,101.981148329996,6.9946829124760095,3133126175114043392,False,,,,
11194295,84.4592715155502,-4.43801024703138,3215585393964055040,False,,,Haro 4-431,TTauri*
457250759,81.9438134389529,3.2043064961511,3235905365276381696,False,,,,
11296434,84.938135,-2.081637,3216541419323380736,False,,,V* V2749 Ori,OrionV*
72828661,85.91248188086331,-1.68769758702322,3216616289192453120,False,,,UCAC4 442-011282,YSO
53244920,99.80674373969968,-1.02619589100638,3119311090686604288,True,10.887045403422418,1.3166643604319694,,
235394870,103.728019152521,10.3822056788913,3158815684480031744,False,,,,
427378961,83.8485318106706,-0.7189752005819209,3217769264572493824,True,13.04251984050942,-0.1637716360344749,Kiso A-0904  33,**
144667037,84.7786272240387,9.424357539589948,3336396604887959040,False,,,,
167262532,95.158870592272,8.14505834724322,3325642934495143936,False,,,,
80766340,87.82689138284071,8.005628120263758,3335064237312972800,True,13.51276092129135,0.4816009455310256,,
427396277,83.97637204381918,-5.4457013040443885,3017349494800319488,True,12.84888571398862,0.2282396368607263,V* OW Ori,TTauri*
50794135,83.4090055626331,-4.208744553082971,3209848692045675008,False,,,V* V544 Ori,TTauri*
436158914,83.98096391176702,9.9419017877372,3339490596248857600,True,10.007233105878724,1.43782133879435,[DM99]  46,YSO
220281894,99.8891312275534,9.86710853974338,3326907785181126144,False,,,V* QU Mon,OrionV*
427352995,83.55779508561629,-5.6098360710893695,3017260709226477568,False,,,2MASS J05341387-0536353,TTauri*
263476660,95.71350913592028,7.21410545105119,3324595061252976128,False,,,,
710697070,86.63298307808321,-3.6025171611664804,3023943437820176384,False,,,,
373610466,81.23765336617329,-69.2257347460129,4658111801792697344,True,13.14240321005536,0.9691978185409772,SV* HV   952,ClassicalCep
427348679,83.4993823257039,-0.085129005096581,3220857105541116928,False,,,Kiso A-0904  18,YSO
220322669,100.214762184533,9.723397174097908,3326710663360978944,True,12.441023786408838,0.5632885575986182,EM* LkHA   33,TTauri*
438309445,96.8504190098228,16.2366724922894,3369335117100095488,False,,,2MASS J06272409+1614121,Star
427453750,84.028785578168,-4.3437255187167,3215642671647475200,False,,,V* V1238 Ori,OrionV*
231184140,100.900520767958,7.24671002572979,3133582270580154368,False,,,HD 262741,EmLine*
276664151,84.3583886102074,-5.567034900590482,3017299363943689216,False,,,V* V1184 Ori,TTauri*
712764678,82.34684753668529,-4.5163098666312,3209778220222502400,False,,,,
283206450,104.084836132812,-3.808233572033661,3102549963635408384,False,,,,
427352933,83.5814521238413,-5.50550049556564,3017268371448124416,True,10.05302682207392,1.332287383687988,V* WZ Ori,OrionV*
427377817,83.6999951731387,-0.621620784863539,3217680887030422016,True,14.788382259831478,0.0817149259010687,[SE2005]  71,Low-Mass*
427352996,83.5685851125949,-5.61267901018595,3017260709226477056,True,8.189228376147689,2.2876242624890804,V* V1044 Ori,OrionV*
159089201,88.5299339214687,1.65022161976076,3315806939690982400,True,13.610480014954188,0.0812273534684712,Kiso A-0905   5,YSO
712759746,83.45932509569231,-4.6428310977018885,3209618030828919808,False,,,,
302671820,82.49688409146209,12.3297187897353,3340944352481408512,True,8.728123099473981,1.9678247994293945,2MASS J05295925+1219470,YSO
264630581,82.1038837779899,2.93811845686611,3235882103733684736,False,,,,
287757971,84.2468704303105,-6.15453265553254,3016986239338948096,False,,,HD  37258,Ae*
762224940,100.24514527213002,9.51577052826695,3326689738280706560,False,,,,
158962499,88.069694818574,1.04785902745472,3219704297663377408,True,8.61309855818474,2.0931048410275657,IRAS 05497+0102,YSO
284283933,86.04111431183908,9.15268538856027,3336109048237980672,False,,,,
144663939,84.78940868144181,11.916699702104497,3340338147915273728,False,,,,
50625209,82.3469273866267,-1.4209589257366595,3220241585188155904,True,12.009385398387252,0.8141851967693271,Kiso A-0903 176,TTauri*
220312313,100.098058360816,8.601466929374038,3134327189705937920,False,,,,
276664084,84.2628936315857,-5.4039011853321295,3017352758977106432,False,,,ESO-HA 1577,YSO
11291229,84.7649061444067,-2.77418017548646,3216061168964972544,True,15.7638244266925,-0.4224566748320714,ESO-HA 1693,YSO
427351826,83.63212117978078,-3.8642477023058,3215872396561733632,True,9.499209741699069,1.3694915943608803,2MASS J05343170-0351513,YSO
427449567,83.93030971274771,-0.576870863436924,3217773074208416768,True,8.02073218828135,2.2710786143392667,2MASS J05354326-0034367,YSO
427333980,83.4681964070067,-5.697291213308692,3017258407124018176,True,9.29911127987187,2.172387248505757,V* HY Ori,OrionV*
220339719,100.315153498569,10.2960068907536,3326945649611865088,False,,,KHA 120,EmLine*
50661105,82.6600254165883,-5.428793293095992,3209455719717625344,False,,,V* V538 Ori,TTauri*
269117422,80.9648916739259,0.617737066750246,3221856630330636800,True,14.38025180064625,0.1223128053927418,SDSS J052351.57+003703.8,Low-Mass*
72915034,86.30128113547859,-1.22688568268499,3218184536371062272,False,,,Haro 5-95,TTauri*
427347648,83.4686231311779,-1.2673878759888,3217620933584146432,False,,,,
50789536,83.27010419470558,-0.718719330923951,3220677335390169600,False,,,,
50745444,82.9833789904067,-2.8747189151175805,3216803446689222144,False,,,,
11286280,84.68057279176591,-2.53357232151636,3216490292032777216,True,14.314119493964135,-0.0080591553757049,[BNM2013] 90.02    74,Low-Mass*
220322917,100.248102382558,9.58635906125668,3326696782026692096,False,,,V* V421 Mon,TTauri*
42991463,97.09299633281648,-0.8608863917311229,3119883833163873280,True,16.84372530156903,-1.384804218282956,ATO J097.0930-00.8608,YSO_Candidate
427395701,83.8769995773205,-5.8177147882499805,3017197727826176000,False,,,V* V2490 Ori,OrionV*
4355324,81.5397017507232,-2.16105924537426,3220081674966878208,False,,,CVSO 840,TTauri*
279640885,85.7574200257129,-8.0807174634716,3015743486258266112,False,,,Haro 4-494,YSO
712843676,83.7818934649635,-2.81690566869533,3216840761365313024,False,,,,
710319880,83.4391990843829,-6.0738821591018,3017210608430353920,False,,,,
508417663,87.00444595672302,0.575024843345317,3219592083053662720,False,,,,
47491994,81.4021350814732,13.5331828098143,3389400624488881152,True,15.345313146649843,-0.3120525512303787,,
4206238,80.8792100618542,-1.0732499270254,3220462655745525760,False,,,HD 290380,Star
237501418,102.775095858653,4.673558980262532,3129011806900091392,False,,,,
50526734,81.8111863067151,-5.2750535087933095,3209303196839477248,False,,,V* V1157 Ori,OrionV*
219158670,90.41291873561968,-50.7023144855708,5552964630044694528,False,,,CD-50  2031,Star
459989537,81.04665598752929,3.58933337771494,3236174230229658112,False,,,CVSO 662,TTauri*
284158148,82.66102940312109,10.5113927385377,3338281545774694400,False,,,,
247595204,86.38079903910307,16.0992769676939,3348275311901419520,False,,,,
427455297,84.13389214275409,-5.2870901725945405,3017358256533553664,False,,,V* V367 Ori,TTauri*
427396024,83.9445529935887,-5.82397362598649,3017197143710617600,False,,,V* CF Ori,OrionV*
11453143,85.49353567995492,-1.26353068558793,3217442297303885312,False,,,EM* LkHA  290,YSO
319854820,99.585089181428,4.8862515786943,3130910045005716480,False,,,,
427353084,83.62335217061381,-5.79019413395666,3017242051888552960,True,13.274342436185352,0.3722207042445363,V* V935 Ori,OrionV*
200639492,85.8371654375165,9.10196664310874,3336149519712868864,True,8.379705984428304,2.022542084905365,V* V625 Ori,OrionV*
231160666,100.611236482313,8.28485592768546,3134254480200416256,False,,,,
231162331,100.627131092911,9.15728161874764,3326615929266446336,True,9.328324895370436,2.958094079541313,V* PY Mon,OrionV*
229381764,98.611280223563,7.495605612550981,3325923722275779072,True,15.010627809109698,-0.1464850444236888,,
72348711,93.03504906160248,-6.3878179558882495,3019778453414649856,True,8.19862102010664,2.505507483611727,,
36357857,102.120079682144,-2.18849759077492,3106191202548489216,False,,,,
231157740,100.64732443703,7.05079161628147,3133550453462567424,True,14.312059996721237,-0.9752089630582772,,
427506786,94.4891952281336,11.4578451401726,3331594659653790208,True,13.530744182334171,-0.519929289695229,,
36357804,102.117608934968,-2.19434911741022,3106191030749803520,False,,,,
234089891,101.222739,0.620208,0,False,,,,
712875502,83.02720333557909,-1.1835662727174798,3217634162083288064,False,,,,
250546306,94.6333253838486,-1.18564024651168,3118546174190296064,True,12.597123188660262,0.4843725091379476,,
265715861,94.96147397553172,4.630808574839611,3317634809053178368,False,,,,
39346196,88.82808956400551,-3.42266080655248,3024551124152350208,True,15.060496932594596,-1.2253917854415854,,
301782032,104.173613419529,0.5228119499296021,3113730381983467520,False,,,,
235489973,104.211406726604,8.73249451632844,3157461326671443968,False,,,TYC  748-936-1,Star
220317966,100.080978848361,11.621577939121,3351918960294439936,False,,,,
427374497,83.7610942756933,-4.8248260787348,3209575703925864448,True,11.047071104580564,0.7376796100121452,V* V1715 Ori,OrionV*
155254916,102.868203528972,16.0641487970429,3358012037122539008,False,,,,
11286037,84.6626319274455,-2.758949671483089,3216061997894031872,True,14.701846292532007,-0.0089391904776019,2MASS J05383902-0245321,TTauri*
199955590,85.87185907221078,0.083045041645479,3219372249448684032,False,,,V* GT Ori,LongPeriodV*
119067469,100.160509150219,-5.90903346312662,3100544935463379456,True,15.100230621982874,-1.6901392123110066,,
42633876,96.65988022118472,-1.2267170056664198,3118364342454226944,False,,,,
309795707,85.8054165861635,9.27836545550117,3336161549917961728,False,,,,
302762023,82.8532552228947,12.2020585208481,3340973558259384832,True,12.833574821024229,0.4699153145426656,,
88931504,89.432150025146,17.2765777396366,3349812673973068288,False,,,,
50744172,83.0265976811403,-1.1833642119746002,3217634157789742080,False,,,Haro 5-64,TTauri*
274319277,94.07455129719708,9.0277168774085,3328809012586330624,True,7.775694447804971,-0.9961661769992766,V* V1392 Ori,EclBin
11199514,84.5500574410143,-1.25057279704014,3217489335785670144,False,,,,
247632770,86.5890708166197,12.9045348713987,3346469402709157888,False,,,,
336994115,92.44958359498648,16.832944132850002,3349172105368763904,False,,,,
427352575,83.6072315808169,-4.94871884828628,3209549831042934784,False,,,Brun 248,TTauri*
10001388377,100.281418,9.500027,3326686714622245888,False,,,,
206901502,97.1767893616548,9.53591200775736,3327264473625811456,False,,,,
159089190,88.51245801949939,1.67276230264215,3315807764324564480,False,,,HD 288313,OrionV*
247868778,87.7390248108187,12.884434396809098,3346333887902259200,True,13.33839917364192,0.2951201758420249,,
234654901,96.625087170336,3.9079935996489,3125193512253916672,False,,,,
53490398,100.206627947145,-1.29165327795785,3107279684702429184,False,,,,
427455476,84.2361738747332,-5.06454261571189,3017397942031348736,False,,,Brun 1044,Star
264682965,82.28184280548679,3.0601041336571706,3235977967403785216,False,,,2MASS J05290763+0303363,YSO
427334425,83.46396312240459,-4.80614694438504,3209602573241323520,False,,,V* V1904 Ori,OrionV*
302762801,82.95270991056029,13.0970276978958,3341104301359978496,False,,,,
220338535,100.319519979164,9.49785125140622,3326692349620814848,False,,,V* OT Mon,TTauri*
233976258,100.52660567765,4.183053905524701,3130611665038713856,True,14.35200192739892,-0.6766161886689493,,
72833961,85.9858901148985,-2.01554873054121,3216571552813156352,False,,,UCAC4 440-011222,YSO
144616196,84.6539642807041,9.409069774034243,3336397876198303232,False,,,,
220280676,99.9072114278058,9.255117385241858,3326590369917290496,False,,,,
427393633,83.88126762592259,-5.08379329219271,3209530830107709440,False,,,V* V422 Ori,TTauri*
200094034,86.79575421484249,0.320768974353591,3219206188832046080,True,13.12101667856547,0.1038635707676528,EM* LkHA  310,TTauri*
234813343,97.64280918839108,5.8568009162927295,3132004608832238080,False,,,,
234149587,101.43025375318,4.7148812255414105,3129246930591449600,False,,,,
385904248,95.5350129950148,14.684539132358,3368698985203497984,False,,,,
388935622,84.1349259004894,-6.32217265506506,3016976485469132800,True,8.49744067201454,2.6976086899422937,V* BD Ori,OrionV*
50793787,83.3929186677066,-4.73834423794519,3209603947631745024,False,,,V* BS Ori,TTauri*
220338532,100.290017,9.496296,0,False,,,Cl* NGC 2264    FMS  2-1264,Star
302830374,83.0270940531516,12.401227100058598,3340994384557218816,True,8.559604775226187,3.079435676701909,Haro 6-57,OrionV*
291385467,94.3901991638409,11.0687026410132,3331548372790563840,True,13.74929554577284,0.3118764201568924,,
319733011,99.6650915987988,1.60028144381499,3126649987205454848,False,,,,
436103632,83.7553282972764,11.6844013141893,3340699268765992960,False,,,,
427378968,83.8550862827599,-0.7234243112385709,3217769195854887424,False,,,V* V2433 Ori,YSO
232089936,90.5608854645758,4.36699647108632,3318326268724466688,False,,,HD 250733,Star
287757926,84.3467499252052,-6.056533500816621,3016988648816488448,False,,,,
72886381,86.1671305687713,-1.3680758232227002,3218177149027321344,True,14.250878875219524,0.2112086106121147,2MASS J05444010-0122050,YSO
365776913,81.89614751067948,11.432679071294,3339340031874162688,True,13.642017663531927,0.2362755949247329,,
50743512,83.0421027530479,-0.345932767458354,3220755705659482624,False,,,,
25578815,98.665591,-5.8766300000000005,0,False,,,,
158760547,87.3466593433893,2.4742326170702498,3316152602954635776,True,9.48078522656286,1.7591217629024023,UCAC4 463-013213,YSO
50743488,82.9841094845428,-0.316211119738464,3220750929657276928,False,,,,
427373688,83.7325038121727,-5.6906249441649805,3017250263866009088,False,,,V* KP Ori,OrionV*
427396809,83.9515995146632,-5.02468147281116,3209531517302472192,True,12.256212824233186,0.8658322476724416,V* CE Ori,OrionV*
50789430,83.2102393292498,-0.5950682095834671,3220693003430848512,False,,,Kiso A-0903 240,SB*
91862952,88.88042802930929,12.1368876816742,3343038857711963136,False,,,,
435931737,83.4312097987534,10.1698628926398,3338201109627344384,False,,,,
235104565,102.115116161789,11.1055700161796,3350938333360394240,True,14.004214650052475,-0.0609445920931639,,
427393670,83.8411616348047,-5.11717766070923,3209529180840270848,False,,,V* V415 Ori,OrionV*
234155747,101.436672061711,2.52286400937216,3126439220270368256,False,,,,
202013732,101.365715849518,7.43642308005642,3133955726576292864,False,,,,
284283934,86.0374768505599,9.154077491075268,3336109116957457920,True,9.197164406608469,1.8953034038141985,V* QR Ori,OrionV*
308167725,99.6722368088361,13.700621457133696,3355771030563981312,False,,,,
200587752,83.31765563944809,10.4646856187292,3338222618823510016,False,,,UCAC4 503-013163,YSO
11297663,84.94020076588099,-0.5992393061770221,3217728788802595840,False,,,CVSO 173,TTauri*
436103141,83.85055,9.309062,3337886443143570944,False,,,UCAC4 497-013119,**
220339128,100.302400901853,9.87534356153767,3326739800419651072,False,,,V* MM Mon,TTauri*
427378957,83.84883432793691,-0.7177575034629059,3217769264574364160,True,14.25184015755917,0.0918988635307059,2MASS J05352371-0043039,YSO
250445066,94.0534108786036,-1.41905841066017,3118169690238044672,False,,,,
229376226,98.579018098856,6.902505739507903,3132232551336984576,False,,,,
43245303,97.55748816486988,-3.88240586187682,3104973184184083456,True,13.573864068525747,0.3467020487483389,,
365776887,81.91534340441939,11.4058890233023,3339322336609053696,False,,,Haro 6-45,OrionV*
11286100,84.68914109168318,-2.69984206596582,3216109551771920384,False,,,V* V595 Ori,OrionV*
220322990,100.254093073385,9.54568587436606,3326695854314131456,True,9.51920280283487,1.5030917108504032,V* IP Mon,TTauri*
307126805,98.38339055318252,14.5905380558727,3356875142096494592,False,,,HD  46373,Star
457230945,81.77696347529809,1.62349259162584,3222225546546615808,True,12.023193533243232,0.8623302105446434,CVSO 43,TTauri*
200093772,86.69092283169729,0.284035705175416,3219206291911267840,False,,,EM* LkHA  305,TTauri*
264739659,82.4516475956369,2.9131767682430696,3223962504335346688,False,,,IRAS 05271+0252,YSO
11294381,84.89683083863379,-4.6040456784342405,3023445977527933440,False,,,Haro 4-462,SB*
282195957,89.31715035627121,2.48538550277098,3316023307259322368,False,,,L 1622-15,TTauri*
319363819,84.93444137625661,0.626902800599062,3222376282718126080,False,,,,
464839874,82.07437693961698,1.16836676911293,3221984517277139456,True,8.122935612818386,2.009656948915376,2MASS J05281785+0110061,TTauri*
302831466,83.1516408330496,12.438723065292802,3340984488953072128,False,,,Haro 6-67,OrionV*
11296037,84.9096643481636,-2.5514989826257404,3216440848369389568,False,,,Haro 5-28,EmLine*
242134188,93.7691395702958,-0.4694691078653761,3121659132125035520,False,,,,
309795677,85.72980993308809,9.2469985859895,3336155189070384128,True,14.8116777533878,0.0026457413073379,,
234155815,101.441109588211,2.4961018412409,3126438979751121920,False,,,,
274325536,94.0181094277592,12.0266168803988,3331868433752343040,True,12.649838777067371,0.3326199732416998,,
4350574,81.4835351878038,-2.2671356183640694,3220078548230666240,True,8.070176743539914,2.953788938391802,UCAC4 439-009865,YSO
427393274,83.81972905949678,-4.76238644338826,3209576597279031808,False,,,V* TT Ori,OrionV*
234963557,98.63712679618328,1.9204805969796896,3120920947508407808,False,,,,
53459373,102.912312424791,-28.6346497335293,5609043296477145088,False,,,HD  50357,Star
427334528,83.459479,-4.642829,3209618030828919808,False,,,V* HX Ori,OrionV*
144672647,84.924592591221,7.734298445986277,3334398341287344128,False,,,,
50745417,83.04142717636941,-2.82965892540007,3216805130316380672,False,,,V* RY Ori,OrionV*
220314544,100.152175792151,9.845986664752948,3326716985553376256,False,,,V* NU Mon,TTauri*
207017053,97.5397198691924,9.68917791772436,3327262446401085440,False,,,V* V478 Mon,OrionV*
11459759,85.63574153965182,-1.63679027338153,3216666660568908800,True,13.525824153465685,0.2940464693158022,Haro 5-56,YSO
259595640,73.1042103994997,-53.135997697793705,4783131015417061376,False,,,,
11753087,90.5241117297447,-1.24120964752844,3026077658608711168,False,,,2MASS J06020578-0114283,EmLine*
459990407,81.07097012926958,2.2891125267354706,3234341614927458304,False,,,,
427334031,83.4565069466889,-5.605824759719138,3017261327701775360,False,,,V* V354 Ori,OrionV*
156573423,90.7754081140265,10.8152073909284,3341870179930963456,True,12.714025499782032,0.5290821554844345,,
159089188,88.50788490249931,1.674232560849,3315807768620473344,True,11.989576308141956,0.2680115317543979,[OH83] L1622  6,YSO
220322739,100.240999283907,9.68893987108244,3326709770007781888,False,,,V* V603 Mon,TTauri*
319733081,99.66716399208772,1.62959094941043,3126650395223427072,False,,,,
427393315,83.77441524957548,-4.81203144102035,3209575807005070848,True,12.717852623400264,0.5646666598142488,V* V2161 Ori,OrionV*
11290011,84.80419847049141,-1.45590096138949,3217423674325646336,False,,,Haro 5-17,OrionV*
220338652,100.324692849644,9.5602842049471,3326696129192022528,True,13.44810911801407,0.2614591283988084,NGC  2264   198,TTauri*
427380741,83.78145136648878,-2.81659804853837,3216840757068592128,False,,,Haro 5-2,YSO
50793250,83.2939296589996,-5.706810823500329,3017235656680130048,False,,,V* V384 Ori,OrionV*
265356051,94.3119703885952,2.46071884430263,3124608984384869376,True,14.043582382950015,0.2980962108155894,,
138902761,82.9552889137437,4.582774879614719,3236533152055797760,True,11.494887251772846,0.9468449115544344,,
36357864,102.108431652452,-2.18787365055394,3106191099469281792,False,,,,
438485551,100.276750748297,13.9230511320649,3355795185459773440,True,14.5703552496537,-0.3191845512016016,,
712759745,83.45972048407138,-4.64275826087133,3209617966404080128,False,,,,
50619423,82.2250514949825,-1.28737957446944,3220248594574576128,True,12.67758941961067,0.0988014450424556,CRTS J052854.0-011714,RSCVnV*
307375176,98.72578516766458,15.3230996778535,3356940120661058560,False,,,,
427397078,83.96772555546829,-4.71803196335972,3209581167124196864,False,,,V* V2614 Ori,TTauri*
36372459,102.088293084006,-0.0385918587878074,3113449491120824320,True,14.23184510850375,-1.2283990459054177,,
387141564,102.754271982559,16.6070742948467,3358115429870887936,False,,,HD 264913,Star
445939797,101.997406829637,14.8567105841543,3354469895991880704,True,14.757146014473882,-0.4176464565592859,,
281054663,98.8062210871265,3.5797708898709306,3130227488801156608,False,,,,
438119929,95.9580275409737,14.1067791093631,3332592500817178624,False,,,,
235208756,102.604207361443,6.200426030655169,3132824500909621248,True,12.375478657818388,0.6025648694272813,,
713912600,87.07339718789697,6.23124139924668,3321284058082063872,False,,,,
457231768,81.7728041836457,0.4187845764468849,3221803269657702400,True,10.042454947822543,-1.178325808153764,HD 290409,SB*
199898454,85.48665796084411,0.5827753723436689,3219454747180333056,False,,,,
234271235,102.17007822305,3.0766376802149904,3126578896905363968,True,12.773876701418985,0.8248761688271065,,
712758830,83.9696289412516,-5.08557748317911,3209530276057350656,False,,,,
427373632,83.67157471032499,-5.76992580315238,3017242945241746944,False,,,V* XY Ori,OrionV*
388917899,83.84500883339621,-6.201371485749591,3017147322090043392,True,15.019929010304194,-0.0334989733474509,V* V2396 Ori,OrionV*
237812638,104.571789845848,4.09037381547174,3128216619474614784,True,14.523109407732838,-0.1949232022140167,,
233976194,100.532888437624,4.15157983108434,3127609036222414848,False,,,,
37168123,98.2398554968568,-0.3984519174621769,3119288477681531904,False,,,,
234574012,96.2836668470137,4.88999593081934,3131516288230455808,False,,,,
200526970,83.0553818438987,11.5461435956209,3340653192355972608,True,13.911471208962222,-0.3811204389093449,,
11295881,84.86155704403548,-2.716211226644369,3216437103157940736,False,,,2MASS J05392677-0242583,YSO
437886874,94.1000151738894,12.3972416040946,3331984917564180992,True,9.88057808274568,-2.973660938678645,HD 254329,EmLine*
427349923,83.6184215296452,-1.3550885063474,3217571867877972992,False,,,,
280703776,101.338001822574,-4.4809024460722,3105245656908856832,False,,,,
247739261,87.1429598264178,14.0157992458304,3346707545758360064,False,,,TYC  727-1604-1,Star
11296067,84.9159421746415,-2.5227406148949902,3216493758070823936,True,9.758829625729769,2.1724326963068687,Haro 5-27,OrionV*
713485926,89.5356538504808,3.55890048674836,3316675004120176128,False,,,,
102536928,89.6052984546492,8.67564044968812,3323492255389217792,False,,,,
385818083,95.4709964787712,14.1738760345507,3332649808562952704,True,16.385655775489962,-0.9003318379792646,,
427459739,83.43897795592291,-6.073594380741239,3017210612727973376,False,,,V* V1006 Ori,TTauri*
4357449,81.68407398832109,-0.6927123510936389,3220549895120651776,False,,,,
397188231,131.569429550334,-73.4321709873006,5220250556055819264,False,,,,
427373842,83.6666099220171,-5.50121893237396,3017268921203932160,False,,,V* IW Ori B,YSO
276664079,84.24914623631699,-5.39470373654902,3017353514894404608,False,,,V* PW Ori,TTauri*
50745400,83.03972720151948,-2.81038008369875,3216805714431928832,False,,,,
436013374,83.6483704054099,9.99536759059165,3338004881161375744,True,14.39384381970488,-0.0774939865050576,[DM99]  11,YSO
247595205,86.3777372054959,16.0999359216108,3348275316198457856,False,,,,
220338442,100.315200455863,9.442633592626144,3326685443313412608,True,13.671964486849893,0.4293397541319464,Cl* NGC 2264    FMS     415,TTauri*
302761294,82.73864268549941,12.4573346293525,3341040426606429696,False,,,ATO J082.7387+12.4572,SB*
158868263,87.5982233228303,2.87725575387528,3319192305928672256,False,,,2MASS J05502356+0252380,YSO
237595819,103.166531678233,5.848928430789488,3129799503903834112,True,13.798696601396534,-0.6673731731535957,,
220339527,100.401283951986,10.1527113325847,3326939258700941312,True,13.684387375547246,-0.2810433214610099,V* OW Mon,OrionV*
59468236,92.09551598986806,13.9913189350086,3345191495320431104,False,,,NGC  2169    16,Star
80666246,87.67320082002459,9.30543717819064,3335782905601560064,True,12.383610047983488,3.436725179040053,V* V526 Ori,OrionV*
302538729,82.3925416909506,12.939319855150304,3389113514514548224,True,11.73650737334727,0.5422986194957549,V* V442 Ori,OrionV*
37246904,98.4780125086378,-5.69858688223885,3103416722394757632,True,13.243191295489646,0.3241532005186179,,
336877922,92.32346440156908,16.7125445850956,3349146060687123456,False,,,,
158823271,87.51330866826038,2.436789539785249,3316153835608678400,False,,,UCAC4 463-013284,YSO
11296268,84.9258985775992,-2.2819165216466306,3216502111782852096,False,,,,
309795291,85.7009488500869,8.91725696469272,3336075856730577408,True,13.59705680013042,0.2271979630475725,,
307375194,98.7455279700485,15.3167066631023,3356939948862363136,False,,,,
200093901,86.6544296387392,0.0227743814352049,3219148017795016192,False,,,EM* LkHA  304,TTauri*
144732972,85.19230299986499,8.67599708834887,3334612887789990400,True,14.267977577605354,-1.283836238254973,,
264460786,81.20360098252691,0.538548134129027,3221841271527778304,False,,,Kiso A-0903 114,YSO
427353145,83.54836626894,-5.9227699290060905,3017216621384762880,False,,,V* V1170 Ori,TTauri*
436248211,84.16592122407948,9.12099724089043,3334874326742980096,True,9.123131034340744,1.6714560326414707,V* V2701 Ori,TTauri*
11202010,84.4995799648935,-4.22781660841294,3215624529705520128,False,,,V* V369 Ori,TTauri*
427395616,83.8385736044689,-5.703450437510179,3017246759172818432,False,,,V* V416 Ori,OrionV*
159089180,88.5083863152672,1.68218476924324,3315808077858117632,True,14.582639293163847,0.0832720536919714,[MGM2012] 3459,YSO
302762310,82.9545603608377,12.5327340816504,3341000603669850112,False,,,2MASS J05314911+1231582,YSO
302830377,83.0235476965295,12.3995303129652,3340994384557219840,False,,,,
138858061,82.7694569450317,0.2899949667619591,3221081577712139776,False,,,V* V1880 Ori,BYDraV*
427374502,83.759969941738,-4.82115301689758,3209575703925862912,True,14.350614920363006,0.0646868471738327,V* V1714 Ori,OrionV*
427395622,83.824608,-5.709455,3017246656093604864,False,,,V* V2318 Ori,OrionV*
716196189,82.5081809146503,12.2264138472745,3340894500796027904,False,,,,
307476774,98.87649995371788,17.0230773765076,3358926628935319040,False,,,,
43318487,97.5653490038946,-0.766659374903982,3119156055246902784,True,11.924635550068318,-0.0454363212445624,EM* GGA  391,EmLine*
269117420,80.96448161548038,0.616845966138041,3221856630330637312,False,,,2MASS J05235147+0037007,YSO
176469665,86.8077137952717,0.0047854573879183,3219144306943363072,False,,,EM* LkHA  313,TTauri*
30934913,76.0755407620443,-68.5666394472686,4661333405182176256,True,12.892114920978887,1.200228942900988,SV* HV  2297,ClassicalCep
11286071,84.6494843944414,-2.7308960127524906,3216109105095331840,False,,,V* TY Ori,OrionV*
